{
	"info": {
		"_postman_id": "f8995d82-9ed3-4b1e-9b96-78c16c49e0bf",
		"name": "Kushki v2",
		"schema": "https://schema.getpostman.com/json/collection/v2.1.0/collection.json",
		"_exporter_id": "5482238"
	},
	"item": [
		{
			"name": "get tokens",
			"request": {
				"method": "POST",
				"header": [
					{
						"key": "content-type",
						"value": "application/json"
					},
					{
						"key": "public-merchant-id",
						"value": "b6755b9062a94186b795be3f9dba76ea"
					}
				],
				"body": {
					"mode": "raw",
					"raw": "{\r\n    \"card\": {\r\n        \"name\": \"Santiago Lomas\",\r\n        \"number\": \"5451951574925480\",\r\n        \"expiryMonth\": \"10\",\r\n        \"expiryYear\": \"23\",\r\n        \"cvv\": \"123\"\r\n    },\r\n    \"currency\": \"USD\"\r\n}"
				},
				"url": {
					"raw": "https://api-uat.kushkipagos.com/subscriptions/v1/card/tokens",
					"protocol": "https",
					"host": [
						"api-uat",
						"kushkipagos",
						"com"
					],
					"path": [
						"subscriptions",
						"v1",
						"card",
						"tokens"
					]
				}
			},
			"response": []
		},
		{
			"name": "subscriptions",
			"request": {
				"method": "POST",
				"header": [
					{
						"key": "content-type",
						"value": "application/json"
					},
					{
						"key": "private-merchant-id",
						"value": "7843cac5f91f4f19bb901d8a35b0082f"
					}
				],
				"body": {
					"mode": "raw",
					"raw": "{\r\n    \"token\": \"5734bc5a038d42e99a5dedee668f8708\",\r\n    \"planName\": \"DIGITAL MENSUAL\",\r\n    \"periodicity\": \"monthly\",\r\n    \"contactDetails\": {\r\n        \"documentType\": \"CC\",\r\n        \"documentNumber\": \"1715842173\",\r\n        \"email\": \"paulkino.pk@gmail.com\",\r\n        \"firstName\": \"Ricardo\",\r\n        \"lastName\": \"Quinaucho\",\r\n        \"phoneNumber\": \"+593969060191\"\r\n    },\r\n    \"amount\": {\r\n        \"subtotalIva\": 0,\r\n        \"subtotalIva0\": 107.00,\r\n        \"ice\": 0,\r\n        \"iva\": 0,\r\n        \"currency\": \"USD\"\r\n    },\r\n    \"startDate\": \"2023-01-05\",\r\n    \"metadata\": {}\r\n}"
				},
				"url": {
					"raw": "https://api-uat.kushkipagos.com/subscriptions/v1/card",
					"protocol": "https",
					"host": [
						"api-uat",
						"kushkipagos",
						"com"
					],
					"path": [
						"subscriptions",
						"v1",
						"card"
					]
				}
			},
			"response": []
		},
		{
			"name": "Get subscriptions info",
			"request": {
				"method": "GET",
				"header": [
					{
						"key": "private-merchant-id",
						"value": "7843cac5f91f4f19bb901d8a35b0082f "
					}
				],
				"url": {
					"raw": "https://api-uat.kushkipagos.com/subscriptions/v1/card/search/1687536870449000",
					"protocol": "https",
					"host": [
						"api-uat",
						"kushkipagos",
						"com"
					],
					"path": [
						"subscriptions",
						"v1",
						"card",
						"search",
						"1687536870449000"
					]
				}
			},
			"response": []
		}
	]
}